Feature,Importance
Contract,0.252720867428331
tenure,0.13540354331088794
MonthlyCharges,0.11923264853796485
TotalCharges,0.11316003102357362
OnlineSecurity,0.10657670492348624
TechSupport,0.09971780218372006
AvgChargesPerMonth,0.09782688607229378
InternetService,0.04328489701150776
PaymentMethod,0.032076619508234684
